{
  "genre": {
    "punk": "punkrock",
    "eletronica": "electronica",
    "soundtracks": "soundtrack",
    "electronical": "electronic",
    "electronik": "electronic",
    "electronicmusic": "electronic",
    "rockpop": "poprock",
    "rockandroll": "rocknroll",
    "ambiente": "ambient",
    "ambiant": "ambient",
    "popelectro": "electropop",
    "houseelectro": "electrohouse",
    "rhythmandblues": "rnb",
    "dancemusic": "dance",
    "folkpop": "popfolk",
    "loungemusic": "lounge",
    "housemusic": "house",
    "trancemusic": "trance",
    "ambientmusic": "ambient",
    "prog": "progressive",
    "electronicambient": "electroambient",
    "classicalmusic": "classical",
    "electronika": "electronica",
    "raps": "rap",
    "tecno": "techno",
    "rockalternatif": "alternativerock",
    "hiphopinstrumental": "instrumentalhiphop"
  },
  "mood/theme": {
    "dreamy": "dream",
    "emotion": "emotional",
    "filmmusic": "film",
    "energic": "energetic",
    "energy": "energetic",
    "inspirational": "inspiring",
    "lovesong": "love",
    "melancholy": "melancholic",
    "relaxed": "relaxing",
    "melancolic": "melancholic",
    "sadness": "sad",
    "filmscore": "film",
    "romance": "romantic",
    "hope": "hopeful",
    "motivation": "motivational",
    "happiness": "happy",
    "sports": "sport",
    "cinema": "film",
    "relaxation": "relaxing",
    "child": "children",
    "kids": "children",
    "relaxingmusic": "relaxing",
    "trailermusic": "trailer",
    "lovemusic": "love",
    "joy": "joyful",
    "xmas": "christmas",
    "epicmusic": "epic",
    "motivate": "motivational",
    "darkness": "dark",
    "sciencefiction": "scifi",
    "festif": "festive"
  },
  "instrument": {
    "synth": "synthesizer",
    "drum": "drums",
    "string": "strings",
    "guitars": "guitar",
    "synths": "synthesizer",
    "pianosolo": "piano",
    "sax": "saxophone",
    "guitare": "guitar",
    "synthesizers": "synthesizer",
    "beats": "beat",
    "violins": "violin",
    "bells": "bell",
    "percussions": "percussion",
    "choirs": "choir",
    "pads": "pad",
    "flutes": "flute",
    "electricguitars": "electricguitar",
    "synthetizer": "synthesizer",
    "keyboards": "keyboard",
    "horns": "horn",
    "guitares": "guitar",
    "guitareelectrique": "electricguitar",
    "guitarra": "guitar",
    "batterie": "drums",
    "keys": "keyboard",
    "bongos": "bongo",
    "synthé": "synthesizer",
    "accordeon": "accordion",
    "violons": "violin",
    "violon": "violin",
    "pianoforte": "piano",
    "pianos": "piano",
    "chitarra": "guitar",
    "basso": "bass",
    "synthetiseur": "synthesizer",
    "batteria": "drums",
    "bateria": "drums",
    "bajo": "bass",
    "synthetiseurs": "synthesizer",
    "claviers": "clavier",
    "teclados": "keyboard"
  }
}
