{"0": "N", "1": "C", "2": "C:dim", "3": "C:sus4", "4": "C:min7", "5": "C:min", "6": "C:sus2", "7": "C:aug", "8": "C:dim7", "9": "C:maj6", "10": "C:hdim7", "11": "C:7", "12": "C:min6", "13": "C:maj7", "14": "C#", "15": "C#:dim", "16": "C#:sus4", "17": "C#:min7", "18": "C#:min", "19": "C#:sus2", "20": "C#:aug", "21": "C#:dim7", "22": "C#:maj6", "23": "C#:hdim7", "24": "C#:7", "25": "C#:min6", "26": "C#:maj7", "27": "D", "28": "D:dim", "29": "D:sus4", "30": "D:min7", "31": "D:min", "32": "D:sus2", "33": "D:aug", "34": "D:dim7", "35": "D:maj6", "36": "D:hdim7", "37": "D:7", "38": "D:min6", "39": "D:maj7", "40": "D#", "41": "D#:dim", "42": "D#:sus4", "43": "D#:min7", "44": "D#:min", "45": "D#:sus2", "46": "D#:aug", "47": "D#:dim7", "48": "D#:maj6", "49": "D#:hdim7", "50": "D#:7", "51": "D#:min6", "52": "D#:maj7", "53": "E", "54": "E:dim", "55": "E:sus4", "56": "E:min7", "57": "E:min", "58": "E:sus2", "59": "E:aug", "60": "E:dim7", "61": "E:maj6", "62": "E:hdim7", "63": "E:7", "64": "E:min6", "65": "E:maj7", "66": "F", "67": "F:dim", "68": "F:sus4", "69": "F:min7", "70": "F:min", "71": "F:sus2", "72": "F:aug", "73": "F:dim7", "74": "F:maj6", "75": "F:hdim7", "76": "F:7", "77": "F:min6", "78": "F:maj7", "79": "F#", "80": "F#:dim", "81": "F#:sus4", "82": "F#:min7", "83": "F#:min", "84": "F#:sus2", "85": "F#:aug", "86": "F#:dim7", "87": "F#:maj6", "88": "F#:hdim7", "89": "F#:7", "90": "F#:min6", "91": "F#:maj7", "92": "G", "93": "G:dim", "94": "G:sus4", "95": "G:min7", "96": "G:min", "97": "G:sus2", "98": "G:aug", "99": "G:dim7", "100": "G:maj6", "101": "G:hdim7", "102": "G:7", "103": "G:min6", "104": "G:maj7", "105": "G#", "106": "G#:dim", "107": "G#:sus4", "108": "G#:min7", "109": "G#:min", "110": "G#:sus2", "111": "G#:aug", "112": "G#:dim7", "113": "G#:maj6", "114": "G#:hdim7", "115": "G#:7", "116": "G#:min6", "117": "G#:maj7", "118": "A", "119": "A:dim", "120": "A:sus4", "121": "A:min7", "122": "A:min", "123": "A:sus2", "124": "A:aug", "125": "A:dim7", "126": "A:maj6", "127": "A:hdim7", "128": "A:7", "129": "A:min6", "130": "A:maj7", "131": "A#", "132": "A#:dim", "133": "A#:sus4", "134": "A#:min7", "135": "A#:min", "136": "A#:sus2", "137": "A#:aug", "138": "A#:dim7", "139": "A#:maj6", "140": "A#:hdim7", "141": "A#:7", "142": "A#:min6", "143": "A#:maj7", "144": "B", "145": "B:dim", "146": "B:sus4", "147": "B:min7", "148": "B:min", "149": "B:sus2", "150": "B:aug", "151": "B:dim7", "152": "B:maj6", "153": "B:hdim7", "154": "B:7", "155": "B:min6", "156": "B:maj7", "157": "X"}